Jarosite,a,sig_a,c,sig_c
MJ,7.268,0.009,16.940,0.070
ST,7.24969,0.00941,17.27962,0.02670
RH,7.2569,0.0028,17.1904,0.0245